<?xml version="1.0" encoding="UTF-8"?>
<project-private xmlns="http://www.netbeans.org/ns/project-private/1">
    <editor-bookmarks xmlns="http://www.netbeans.org/ns/editor-bookmarks/2" lastBookmarkId="0"/>
    <open-files xmlns="http://www.netbeans.org/ns/projectui-open-files/2">
        <group>
            <file>file:/D:/FATEC/2º%20Semestre/Aulas%20Java/Provas/P1/SistemaVendas/src/dao/CategoriaDAO.java</file>
            <file>file:/D:/FATEC/2º%20Semestre/Aulas%20Java/Provas/P1/SistemaVendas/src/model/Produto.java</file>
            <file>file:/D:/FATEC/2º%20Semestre/Aulas%20Java/Provas/P1/SistemaVendas/src/view/CategoriaView.java</file>
            <file>file:/D:/FATEC/2º%20Semestre/Aulas%20Java/Provas/P1/SistemaVendas/src/model/Categoria.java</file>
            <file>file:/D:/FATEC/2º%20Semestre/Aulas%20Java/Provas/P1/SistemaVendas/src/main/Run.java</file>
            <file>file:/D:/FATEC/2º%20Semestre/Aulas%20Java/Provas/P1/SistemaVendas/src/view/ProdutoView.java</file>
            <file>file:/D:/FATEC/2º%20Semestre/Aulas%20Java/Provas/P1/SistemaVendas/src/dao/ConnectionFactory.java</file>
            <file>file:/D:/FATEC/2º%20Semestre/Aulas%20Java/Provas/P1/SistemaVendas/src/table/ProdutoTableModel.java</file>
            <file>file:/D:/FATEC/2º%20Semestre/Aulas%20Java/Provas/P1/SistemaVendas/src/dao/ProdutoDAO.java</file>
            <file>file:/D:/FATEC/2º%20Semestre/Aulas%20Java/Provas/P1/SistemaVendas/src/table/CategoriaTableModel.java</file>
        </group>
    </open-files>
</project-private>
